name,act_seq,act_ss,dg,rna_map_dg_err,mg_1_2,mg_1_2_err
CCUGCC_AAAGG,AAAAGG&CCUGCCU,(..(((&)))...),-10.03,0.200106353147,2.344024099080652,0.1154093987269632
CCUAAA_AACGG,AAACGG&CCUAAAU,(...((&))....),-9.87,0.133477218146,3.4395194025733584,0.4967405062530646
CCUAAC_AACGG,AAACGG&CCUAACU,(...((&))....),-10.22,0.168719239886,2.106821726532284,0.2405896087335716
CCUACG_AACGG,AAACGG&CCUACGU,(...((&))....),-9.55,0.19457888503,3.195584454652068,0.4082621257777457
CCUGCC_AACGG,AAACGG&CCUGCCU,(...((&))....),-11.29,0.174987425928,1.1787606396000248,0.1120252910688024
CCCUAAC_AAGGG,AAAGGG&CCCUAACU,(.((((&))))...),-9.53,0.881248250439,2.094086800007725,0.2592442581654408
CCUGCC_AAGGG,AAAGGG&CCUGCCU,(..(((&)))...),-10.28,0.152634024092,0.8707709596375405,0.0564312639094785
CCUAAA_AAUGG,AAAUGG&CCUAAAU,(...((&))....),-10.53,0.151765836019,1.9905007385192683,0.2746097796390938
CCUAAC_AAUGG,AAAUGG&CCUAACU,(...((&))....),-10.49,0.105871190347,1.442156477678533,0.1537965804901966
CCUAAG_AAUGG,AAAUGG&CCUAAGU,(...((&))....),-9.72,0.123310742086,2.9912431556334416,0.2632373159708311
CCUACC_AAUGG,AAAUGG&CCUACCU,(...((&))....),-10.17,0.125617012633,1.7438237107952954,0.082971826141465
CCUACG_AAUGG,AAAUGG&CCUACGU,(...((&))....),-9.16,0.10727254797,140.59633713044815,718.91694482854
CCUGAC_AAUGG,AAAUGG&CCUGACU,(...((&))....),-10.15,0.65749598199,2.351271069974614,0.1603346114584221
CCUGUAC_AAUGG,AAAUGG&CCUGUACU,(...((&)).....),-10.0,0.150892542251,3.674928625071909,0.3921393226655164
CCUUCC_AAUGG,AAAUGG&CCUUCCU,(...((&))....),-10.59,0.180325037025,1.2794898698115669,0.0994530358003348
UCUAAG_AAUGG,AAAUGG&UCUAAGU,(...((&))....),-8.35,0.169530850353,66.50684532109278,248.74670182780224
CCUGCC_ACUGG,AACUGG&CCUGCCU,(...((&))....),-9.06,0.142703975828,7.481989371543316,5.658231602452108
GCUAAA_CAAGC,ACAAGC&GCUAAAU,(..(((&)))...),-10.53,0.21416648574,1.730149626071768,0.2758826180342442
CCUAAA_CAAGG,ACAAGG&CCUAAAU,(..(((&)))...),-11.19,0.19085657175,0.5308494835653265,0.0358237137475766
CCUAAC_CAAGG,ACAAGG&CCUAACU,(..(((&)))...),-10.68,0.14132560064,0.5129416755464796,0.0333138788324645
CCUACC_CAAGG,ACAAGG&CCUACCU,(..(((&)))...),-10.59,0.227054278637,1.0625025043978835,0.103654290470356
GCUAAA_CACGC,ACACGC&GCUAAAU,(...((&))....),-11.08,0.3578641951,0.3388708486427083,0.0107276461583635
CCCUAAC_CACGG,ACACGG&CCCUAACU,(...((&)).....),-9.24,0.115573744676,3.337172466823889,0.5568868003566303
CCUAAA_CACGG,ACACGG&CCUAAAU,(...((&))....),-11.38,0.173601130769,0.3507917602156607,0.0151378443516954
CCUAAC_CACGG,ACACGG&CCUAACU,(...((&))....),-11.44,0.2277129504,0.722829772893068,0.037408584103439
CCUAAG_CACGG,ACACGG&CCUAAGU,((..((&))...)),-9.71,0.269883145444,3.3350329420275937,0.6846061878397821
CCUAAU_CACGG,ACACGG&CCUAAUU,(...((&))....),-9.93,0.167585344364,1.3862404528034538,0.0603032950481689
CCUACA_CACGG,ACACGG&CCUACAU,(...((&))....),-10.85,0.0997275779269,0.7832994533694233,0.0497444205070107
CCUACC_CACGG,ACACGG&CCUACCU,(...((&))....),-11.3,0.124178193184,1.20932182744008,0.1250859184336461
CCUACG_CACGG,ACACGG&CCUACGU,((..((&))...)),-9.78,0.156685648725,3.3717644005660974,0.5873394320995985
CCUAGA_CACGG,ACACGG&CCUAGAU,(...((&))....),-9.45,0.149186653338,4.185103807572967,1.2238797799877474
CCUAGC_CACGG,ACACGG&CCUAGCU,(...((&))....),-9.09,0.259652257229,3.4407796563819586,1.2173990935959635
CCUAUC_CACGG,ACACGG&CCUAUCU,(...((&))....),-10.03,0.158041554714,2.16043772899314,0.0948905562048944
CCUCAC_CACGG,ACACGG&CCUCACU,(...((&))....),-9.19,0.211987749077,88789540.31825781,517605536.2181758
CCUCCC_CACGG,ACACGG&CCUCCCU,(...((&))....),-9.78,0.197977544469,3.62023565167585,0.5464273169328335
CCUUAA_CACGG,ACACGG&CCUUAAU,(...((&))....),-9.68,0.118309552899,3.658047053286517,0.9923895202113407
CCUUAC_CACGG,ACACGG&CCUUACU,(...((&))....),-9.76,0.199693414874,4.896311424412298,0.3967503341412394
CCUUCC_CACGG,ACACGG&CCUUCCU,(...((&))....),-10.24,0.188178944733,5.0301502865559495,2.174652267501208
GCUAAA_CAGGC,ACAGGC&GCUAAAU,(..(((&)))...),-10.44,0.347816416718,2.814801822935182,0.7695296403638638
CCUAAA_CAGGG,ACAGGG&CCUAAAU,(..(((&)))...),-10.88,0.120931145591,0.2169836151427037,0.0054442134324595
CCUAAC_CAGGG,ACAGGG&CCUAACU,(..(((&)))...),-10.61,0.130869827649,2.916447401627845,0.6932604178853996
CCUACA_CAGGG,ACAGGG&CCUACAU,(..(((&)))...),-10.58,0.146024778354,0.8515470193496546,0.0555266529856462
CCUACC_CAGGG,ACAGGG&CCUACCU,(..(((&)))...),-10.75,0.0973064355889,2.0785974309178026,0.2615517032715397
UCUAAA_CAUGA,ACAUGA&UCUAAAU,(...((&))....),-11.5,0.106121240599,2.6907874286285614,1.866175177929388
GCUAAA_CAUGC,ACAUGC&GCUAAAU,(...((&))....),-11.39,0.159084750915,1.259318321143161,0.1234692047923855
GCUACA_CAUGC,ACAUGC&GCUACAU,(...((&))....),-10.8,0.165883774866,2.501845728195317,0.5793262003501798
GCUCAA_CAUGC,ACAUGC&GCUCAAU,(...((&))....),-8.82,0.223657977695,1.7786361893195133e+19,1.0128338930213305e+20
GCUGAA_CAUGC,ACAUGC&GCUGAAU,(...((&))....),-8.81,0.168978011384,364.2806956293389,1352.6968808646716
GCUUAA_CAUGC,ACAUGC&GCUUAAU,(...((&))....),-9.56,0.165580412068,2.560476344479764,0.4768588627318704
CCCUAAC_CAUGG,ACAUGG&CCCUAACU,(...((&)).....),-9.71,0.154305986417,2.382007736696204,0.1907578796871264
CCUAAA_CAUGG,ACAUGG&CCUAAAU,(...((&))....),-11.77,0.171052561947,0.2119463138952183,0.0043255735822732
CCUAAC_CAUGG,ACAUGG&CCUAACU,(...((&))....),-11.39,0.176855655763,0.6130922615902739,0.0342982201687856
CCUAAU_CAUGG,ACAUGG&CCUAAUU,(...((&))....),-9.63,0.1040191333,2.3860931175902467,0.4458123143708801
CCUACA_CAUGG,ACAUGG&CCUACAU,(...((&))....),-11.31,0.117696453574,0.3352557805683597,0.0110881797411573
CCUACC_CAUGG,ACAUGG&CCUACCU,(...((&))....),-11.05,0.140569010109,1.4911029917600993,0.1651666524151
CCUACU_CAUGG,ACAUGG&CCUACUU,(...((&))....),-9.98,0.186736630653,2.3897258867849125,0.1566032207850302
CCUCAA_CAUGG,ACAUGG&CCUCAAU,(...((&))....),-9.47,0.135281552833,489.1237267422746,2736.927769856829
CCUCCC_CAUGG,ACAUGG&CCUCCCU,(...((&))....),-9.87,0.138519148686,2.821687162140506,0.1916337066092508
CCUGAA_CAUGG,ACAUGG&CCUGAAU,(...((&))....),-9.52,0.105703861669,38.10692258744306,118.24244608617408
CCUGCC_CAUGG,ACAUGG&CCUGCCU,(...((&))....),-10.05,0.147787845027,2.44936703983536,0.1715881892839068
CCUUAA_CAUGG,ACAUGG&CCUUAAU,(...((&))....),-10.37,0.185061510013,1.8337062471866448,0.2265039917468218
CCUUCC_CAUGG,ACAUGG&CCUUCCU,(...((&))....),-10.48,0.17640783379,2.040168078249286,0.3250022345029681
ACUAAA_CAUGU,ACAUGU&ACUAAAU,(...((&))....),-10.73,0.0978015311329,1.04213284034305,0.0962020981528996
ACUAAC_CAUGU,ACAUGU&ACUAACU,(...((&))....),-10.29,0.0892596548441,1.119676452503401,0.0991707639795338
CCUAAA_GACGG,AGACGG&CCUAAAU,(...((&))....),-8.91,0.152012650917,5.349442940498124,3.4700931749420505
CCUAAG_GACGG,AGACGG&CCUAAGU,(...((&))....),-11.3,0.1797725956,0.4840562005960351,0.0266252503313393
CCUACG_GACGG,AGACGG&CCUACGU,(...((&))....),-10.02,0.162872994832,1.8143097423327343,0.0862746962163355
CCCUAAG_GAUGG,AGAUGG&CCCUAAGU,(...((&)).....),-9.12,0.195999438367,2.995261443000329,0.3291564383524582
CCUAAA_GAUGG,AGAUGG&CCUAAAU,(...((&))....),-10.42,0.145100409249,1.2506163615897603,0.1317225141748179
CCUAAAG_GAUGG,AGAUGG&CCUAAAGU,(...((&)).....),-10.29,0.196316452862,2.906410497962728,0.7204431816536983
CCUACAC_GAUGG,AGAUGG&CCUACACU,((..((&))....)),-9.7,0.138473862318,3.911599810971423,0.7530440744182255
CCUCCAC_GAUGG,AGAUGG&CCUCCACU,((..((&))....)),-9.3,0.303371635872,8.228882503521799,3.6495562840436113
CCUAAAG_UAAGG,AUAAGG&CCUAAAGU,((.(((&)))...)),-9.41,0.166967873996,26.669344645128103,44.73261697618371
CCUAAC_UAAGG,AUAAGG&CCUAACU,(..(((&)))...),-9.85,0.254573898957,1.4590978336794598,0.0558990561196011
UCUAAG_UACGA,AUACGA&UCUAAGU,((..((&))...)),-10.31,0.12044270391,1.940398880272593,0.454623964785862
UCUACG_UACGA,AUACGA&UCUACGU,((..((&))...)),-10.28,0.125798984432,1.9271161479847403,0.249955665755054
GCUAAA_UACGC,AUACGC&GCUAAAU,((..((&))...)),-9.95,0.134212892131,4.643578637625924,0.9754027152119646
GCUAAG_UACGC,AUACGC&GCUAAGU,((..((&))...)),-10.32,0.107493247812,0.5222622520916343,0.0156701068853539
GCUACG_UACGC,AUACGC&GCUACGU,((..((&))...)),-10.38,0.102376757356,1.7867945297588108,0.2109043108546148
CCUAAA_UACGG,AUACGG&CCUAAAU,((..((&))...)),-10.59,0.180611267065,1.0896475988033163,0.1192645486366576
CCUAAC_UACGG,AUACGG&CCUAACU,(...((&))....),-10.69,0.134559367053,1.5675825973779696,0.1704879008012174
CCUAAG_UACGG,AUACGG&CCUAAGU,((..((&))...)),-10.72,0.0944322579641,0.482170963369648,0.0213187035965713
CCUAAU_UACGG,AUACGG&CCUAAUU,(...((&))....),-10.14,0.115055325663,1.4204826399735446,0.0540999920733868
CCUACA_UACGG,AUACGG&CCUACAU,((..((&))...)),-10.27,0.105175577898,1.2390836764771125,0.60763259478782
CCUACC_UACGG,AUACGG&CCUACCU,(...((&))....),-10.39,0.105885800132,1.6820330388034597,0.3278594652241758
CCUACG_UACGG,AUACGG&CCUACGU,((..((&))...)),-10.71,0.0952490004994,1.626744611868592,0.2093606280534322
CCUACU_UACGG,AUACGG&CCUACUU,(...((&))....),-10.13,0.109212417857,1.2946039515192405,0.0453467670539143
UCUAAG_UACGG,AUACGG&UCUAAGU,((..((&))...)),-10.0,0.110979532238,2.054104254952953,0.1881817656618583
UCUACG_UACGG,AUACGG&UCUACGU,((..((&))...)),-10.07,0.0995371851507,1.6206549568428517,0.0619609632241417
CCUAAC_UAGGG,AUAGGG&CCUAACU,(..(((&)))...),-9.53,0.123963143439,10.98827849254681,20.36336767165657
CCUACC_UAGGG,AUAGGG&CCUACCU,(..(((&)))...),-10.25,0.110895478924,3.157221986315162,0.8711220095420963
CCUAAAC_UAUGG,AUAUGG&CCUAAACU,(...((&)).....),-10.15,0.13658054357,1.136925209956107,0.0460265764845058
CCUAAAG_UAUGG,AUAUGG&CCUAAAGU,((..((&))....)),-11.13,0.101734031691,1.6964935740742015,0.194834983695262
CCUAAC_UAUGG,AUAUGG&CCUAACU,(...((&))....),-11.26,0.156884099069,0.9133689505019508,0.0526919094913707
CCUACC_UAUGG,AUAUGG&CCUACCU,(...((&))....),-10.39,0.125188197638,2.146801694878244,0.4318839918128984
CCUCAC_UAUGG,AUAUGG&CCUCACU,(...((&))....),-9.64,0.21790725783,31.29502741398233,153.86095475162517
CUUAAC_UAUGG,AUAUGG&CUUAACU,(...((&))....),-9.3,0.183254401446,1.1123192289701498,0.2467267552575761
UCUAAC_UAUGG,AUAUGG&UCUAACU,(...((&))....),-10.34,0.0930520341014,0.9621579714976072,0.0675853232278666
