name,old_dg,rna_map_dg,rna_map_dg_err
CAUGG_CCUAAA,-11.77,-12.132846046990908,0.171052561947
CAUGA_UCUAAA,-11.5,-11.802217436075,0.106121240599
CACGG_CCUAAC,-11.44,-12.07238136942,0.2277129504
CAUGG_CCUAAC,-11.39,-11.707563204435715,0.176855655763
CAUGC_GCUAAA,-11.39,-11.674228981699999,0.159084750915
CACGG_CCUAAA,-11.38,-11.926018264328572,0.173601130769
CAUGG_CCUACA,-11.31,-11.601978014900002,0.117696453574
GACGG_CCUAAG,-11.3,-11.6582605353,0.1797725956
CACGG_CCUACC,-11.3,-11.7351970063,0.124178193184
AACGG_CCUGCC,-11.29,-11.63765740765,0.174987425928
UAUGG_CCUAAC,-11.26,-11.40227240754,0.156884099069
CAAGG_CCUAAA,-11.19,-11.4594900544,0.19085657175
UAUGG_CCUAAAG,-11.13,-11.748570228,0.101734031691
CACGC_GCUAAA,-11.08,-11.5446958363,0.3578641951
CAUGG_CCUACC,-11.05,-11.499508258383335,0.140569010109
CAGGG_CCUAAA,-10.88,-11.24412907524,0.120931145591
CACGG_CCUACA,-10.85,-11.406331951975,0.0997275779269
CAUGC_GCUACA,-10.8,-11.13347213105,0.165883774866
CAGGG_CCUACC,-10.75,-11.202425076559999,0.0973064355889
CAUGU_ACUAAA,-10.73,-11.208705583219999,0.0978015311329
UACGG_CCUAAG,-10.72,-11.001720430814286,0.0944322579641
UACGG_CCUACG,-10.71,-11.085637854983332,0.0952490004994
UACGG_CCUAAC,-10.69,-10.981314693324999,0.134559367053
CAAGG_CCUAAC,-10.68,-11.4512892806,0.14132560064
CAGGG_CCUAAC,-10.61,-10.975570478471427,0.130869827649
CAAGG_CCUACC,-10.59,-10.85272405435,0.227054278637
UACGG_CCUAAA,-10.59,-10.635857570399999,0.180611267065
AAUGG_CCUUCC,-10.59,-10.9119490035,0.180325037025
CAGGG_CCUACA,-10.58,-11.111305474124999,0.146024778354
AAUGG_CCUAAA,-10.53,-10.86829291932,0.151765836019
CAAGC_GCUAAA,-10.53,-10.8223468198,0.21416648574
AAUGG_CCUAAC,-10.49,-10.987224499716667,0.105871190347
CAUGG_CCUUCC,-10.48,-10.756772683449999,0.17640783379
CAGGC_GCUAAA,-10.44,-10.421035792,0.347816416718
GAUGG_CCUAAA,-10.42,-10.6579049881,0.145100409249
UAUGG_CCUACC,-10.39,-10.674678198335712,0.125188197638
UACGG_CCUACC,-10.39,-10.697676179776,0.105885800132
UACGC_GCUACG,-10.38,-10.724067448175,0.102376757356
CAUGG_CCUUAA,-10.37,-10.573770684086,0.185061510013
UAUGG_UCUAAC,-10.34,-10.678372930728571,0.0930520341014
UACGC_GCUAAG,-10.32,-10.755504787128572,0.107493247812
UACGA_UCUAAG,-10.31,-10.523029415214285,0.12044270391
GAUGG_CCUAAAG,-10.29,-10.50294577625,0.196316452862
CAUGU_ACUAAC,-10.29,-10.7384857001,0.0892596548441
AAGGG_CCUGCC,-10.28,-10.905234937,0.152634024092
UACGA_UCUACG,-10.28,-10.72317429282,0.125798984432
UACGG_CCUACA,-10.27,-10.711532707149999,0.105175577898
UAGGG_CCUACC,-10.25,-10.251599261662,0.110895478924
CACGG_CCUUCC,-10.24,-10.6167378365,0.188178944733
AACGG_CCUAAC,-10.22,-10.577775481924999,0.168719239886
AAUGG_CCUACC,-10.17,-10.601559538783334,0.125617012633
UAUGG_CCUAAAC,-10.15,-10.409547701133333,0.13658054357
AAUGG_CCUGAC,-10.15,-10.1737814974,0.65749598199
UACGG_CCUAAU,-10.14,-10.584976289250001,0.115055325663
UACGG_CCUACU,-10.13,-10.441913807925,0.109212417857
UACGG_UCUACG,-10.07,-10.279579558707999,0.0995371851507
CAUGG_CCUGCC,-10.05,-10.313835132415,0.147787845027
AAAGG_CCUGCC,-10.03,-10.28152099634,0.200106353147
CACGG_CCUAUC,-10.03,-10.29139486695,0.158041554714
GACGG_CCUACG,-10.02,-10.35057549385,0.162872994832
AAUGG_CCUGUAC,-10.0,-10.451925909669999,0.150892542251
UACGG_UCUAAG,-10.0,-10.262843074965714,0.110979532238
CAUGG_CCUACU,-9.98,-10.29539627073,0.186736630653
UACGC_GCUAAA,-9.95,-10.595138819666666,0.134212892131
CACGG_CCUAAU,-9.93,-9.677065008898001,0.167585344364
UACGG_GCUAAG,-9.91,-10.281981768997143,0.0972516616144
AACGG_CCUAAA,-9.87,-10.212146894117499,0.133477218146
CAUGG_CCUCCC,-9.87,-10.091333598464999,0.138519148686
UAAGG_CCUAAC,-9.85,-9.76106522794,0.254573898957
CACGG_CCUCCC,-9.78,-10.05667364151,0.197977544469
CACGG_CCUACG,-9.78,-10.051242064592858,0.156685648725
CACGG_CCUUAC,-9.76,-9.82660599604,0.199693414874
AAUGG_CCUAAG,-9.72,-9.744296842624998,0.123310742086
CACGG_CCUAAG,-9.71,-9.725966382143334,0.269883145444
CAUGG_CCCUAAC,-9.71,-9.764136648185001,0.154305986417
GAUGG_CCUACAC,-9.7,-9.883452460034999,0.138473862318
CACGG_CCUUAA,-9.68,-9.8570589684275,0.118309552899
UAUGG_CCUCAC,-9.64,-10.01917593015,0.21790725783
CAUGG_CCUAAU,-9.63,-9.77753464746857,0.1040191333
CAUGC_GCUUAA,-9.56,-9.770834708845001,0.165580412068
AACGG_CCUACG,-9.55,-9.77315760891,0.19457888503
AAGGG_CCCUAAC,-9.53,-8.07364136672,0.881248250439
UAGGG_CCUAAC,-9.53,-9.765590460396666,0.123963143439
CAUGG_CCUGAA,-9.52,-9.78601718985,0.105703861669
CAUGG_CCUCAA,-9.47,-9.74766276857,0.135281552833
CACGG_CCUAGA,-9.45,-9.8030808746425,0.149186653338
UAAGG_CCUAAAG,-9.41,-9.652081347453333,0.166967873996
GAUGG_CCUCCAC,-9.3,-9.77264643462,0.303371635872
UAUGG_CUUAAC,-9.3,-9.49169345992,0.183254401446
CACGG_CCCUAAC,-9.24,-9.391614982770001,0.115573744676
CACGG_CCUCAC,-9.19,-9.411795524470001,0.211987749077
AAUGG_CCUACG,-9.16,-9.44531947524,0.10727254797
GAUGG_CCCUAAG,-9.12,-9.27789769382,0.195999438367
CACGG_CCUAGC,-9.09,-9.688961674864998,0.259652257229
ACUGG_CCUGCC,-9.06,-9.344880512715001,0.142703975828
GACGG_CCUAAA,-8.91,-9.798757863553334,0.152012650917
CAUGC_GCUCAA,-8.82,-9.149772488890001,0.223657977695
CAUGC_GCUGAA,-8.81,-9.222005505590001,0.168978011384
AAUGG_UCUAAG,-8.35,-8.622386806285,0.169530850353
