name,num_points,mg_1_2,mg_1_2_err,n,n_err,a_0,a_0_err
AAAGG_CCUGCC,15,2.3440240990806522,0.11540939872696322,1.592084852765791,0.11187791577723151,0.8767174588018676,0.017168868407931928
AACGG_CCUAAA,15,3.4395194025733584,0.49674050625306465,1.671241034261743,0.3385174444377649,0.7383226864288437,0.046713137245154135
AACGG_CCUAAC,15,2.106821726532284,0.2405896087335716,1.2153798896679984,0.1521173544926114,0.9239272046533097,0.03825317544722932
AACGG_CCUACG,15,3.195584454652068,0.4082621257777457,1.4058595114180286,0.15139327962519167,0.745228503406784,0.03695598242544012
AACGG_CCUGCC,15,1.1787606396000248,0.11202529106880242,1.2299916700224172,0.19230564005646858,0.9585188000529379,0.03290322614100871
AAGGG_CCCUAAC,15,2.094086800007725,0.25924425816544083,1.7133194931997318,0.2537321254443301,0.7886213524789428,0.03723147909267967
AAGGG_CCUGCC,15,0.8707709596375405,0.05643126390947855,1.3053719520729943,0.11844426310844897,0.8995126387899854,0.019272419543071347
AAUGG_CCUAAA,15,1.9905007385192683,0.27460977963909383,1.3338689351065272,0.1770379745406706,0.904120041853968,0.04403987541128566
AAUGG_CCUAAC,15,1.442156477678533,0.1537965804901966,1.2496725920295342,0.1481973472463947,0.8434173286260305,0.03013216508259147
AAUGG_CCUAAG,15,2.9912431556334416,0.2632373159708311,1.7571335235512058,0.2325335617458239,0.7261477827703072,0.028346410173651755
AAUGG_CCUACC,15,1.7438237107952954,0.082971826141465,1.6912742382457353,0.11829877460610226,0.876683729470634,0.015277056936587036
AAUGG_CCUACG,15,140.59633713044815,718.91694482854,0.9161645518739155,0.26823743623409313,1.0382883190335068,1.0190231945003403
AAUGG_CCUGAC,15,2.351271069974614,0.16033461145842212,1.761788556895786,0.17652999298362626,0.8801042348799668,0.02447968220131252
AAUGG_CCUGUAC,15,3.6749286250719093,0.39213932266551643,1.5310311833666723,0.19346993165350013,0.7048576968850948,0.03395490339277019
AAUGG_CCUUCC,15,1.2794898698115669,0.09945303580033485,1.3063805111867017,0.1592675262144111,0.9134402767047776,0.027171508278721095
AAUGG_UCUAAG,15,66.50684532109278,248.74670182780224,0.9448134271181869,0.2869136695971442,0.7771597093135882,0.5691419632812936
ACUGG_CCUGCC,15,7.481989371543316,5.658231602452108,0.8320359197930393,0.18653571370161653,0.75779030043919,0.14736759744118552
CAAGC_GCUAAA,15,1.7301496260717681,0.2758826180342442,1.0665833667566933,0.13582697921249923,0.9117838689470485,0.04340723752716935
CAAGG_CCUAAA,15,0.5308494835653265,0.03582371374757665,0.9073864721827307,0.05515017252634746,0.9497561797690851,0.015587749381280571
CAAGG_CCUAAC,15,0.5129416755464796,0.03331387883246457,1.0949363422203797,0.0837298445852256,0.957934575495939,0.014295396686281749
CAAGG_CCUACC,15,1.0625025043978837,0.10365429047035607,1.2168547628555695,0.1372007227207043,0.8984063297687648,0.026743522758812494
CACGC_GCUAAA,15,0.33887084864270833,0.010727646158363557,1.0265631745602137,0.030888834083044544,0.9385212230810001,0.005609361276597672
CACGG_CCCUAAC,15,3.337172466823889,0.5568868003566303,1.3110410819649752,0.19385379911206602,0.7632263211453519,0.04893673851768649
CACGG_CCUAAA,15,0.3507917602156607,0.015137844351695427,1.076374808510322,0.04572673287296437,0.9525972457222455,0.007915207889714006
CACGG_CCUAAC,15,0.722829772893068,0.03740858410343902,1.1232238407283914,0.0711192124393938,0.9610847278032524,0.014660425265354231
CACGG_CCUAAG,15,3.3350329420275937,0.6846061878397821,3.8552638401376145,9.007449591101063,0.5818601321404812,0.05376274074150459
CACGG_CCUAAU,15,1.3862404528034538,0.06030329504816891,1.4027082295095215,0.08121422425609741,0.9092558214047748,0.014491108157012706
CACGG_CCUACA,15,0.7832994533694233,0.049744420507010716,1.1175160335842351,0.09126596227405602,0.9415417756100751,0.016016737648538688
CACGG_CCUACC,15,1.2093218274400799,0.12508591843364614,1.0949550010679747,0.15186358352645943,0.9653301946381757,0.03490820224768062
CACGG_CCUACG,15,3.3717644005660974,0.5873394320995985,1.6431461402702778,0.3815835622957315,0.7691017384742509,0.05384950355304816
CACGG_CCUAGA,15,4.1851038075729665,1.2238797799877474,1.2280087190257682,0.20849490327489872,0.7394329715384853,0.07694815960922294
CACGG_CCUAGC,15,3.4407796563819586,1.2173990935959635,1.119369047738808,0.26828905344242293,0.653566070840983,0.07488684625369754
CACGG_CCUAUC,15,2.1604377289931396,0.09489055620489446,1.6752635046461217,0.0950882372837499,0.8604004339420368,0.013928183227089457
CACGG_CCUCAC,15,88789540.31825781,517605536.2181758,2.532605919629437,11.152530323193524,1.3528007986916326,1.9242279723862465
CACGG_CCUCCC,15,3.6202356516758494,0.5464273169328335,1.511041592156965,0.2501390220072308,0.6030595773280651,0.03862222905882778
CACGG_CCUUAA,15,3.6580470532865172,0.9923895202113409,1.1911349530892417,0.17004629336128124,0.6966710043493342,0.05794960368958444
CACGG_CCUUAC,15,4.896311424412298,0.3967503341412394,1.6311446320701293,0.17450969862872728,0.667082154565744,0.027985776439385983
CACGG_CCUUCC,15,5.0301502865559495,2.174652267501208,1.084250291960722,0.34114944467091013,0.9356876295439973,0.12984792464781741
CAGGC_GCUAAA,15,2.814801822935182,0.7695296403638638,0.843287236086224,0.11799170393009445,0.8700070126873028,0.06837061176290243
CAGGG_CCUAAA,15,0.21698361514270373,0.005444213432459521,1.0481463309750418,0.03038071652748763,0.9327702978501081,0.003812707688135786
CAGGG_CCUAAC,15,2.916447401627845,0.6932604178853996,1.356639150648881,0.3327517252456934,0.9001679189684356,0.07788102817612783
CAGGG_CCUACA,15,0.8515470193496546,0.05552665298564624,1.048988856129189,0.07185487317827044,0.918131777868183,0.017922340369662997
CAGGG_CCUACC,15,2.0785974309178026,0.2615517032715397,1.5140245119374103,0.3763498774023854,0.8360957664726932,0.04519313272789262
CAUGA_UCUAAA,15,2.6907874286285614,1.8661751779293876,0.6222785322275313,0.10697607545155342,0.7867318028194409,0.09770629385938011
CAUGC_GCUAAA,15,1.259318321143161,0.12346920479238559,1.221448175694605,0.1965266843836433,0.9410411105659403,0.037303469794589074
CAUGC_GCUACA,15,2.501845728195317,0.5793262003501798,1.5909195125061673,0.5509412414066192,0.7584873910697193,0.062399391192390685
CAUGC_GCUCAA,15,1.7786361893195133e+19,1.0128338930213303e+20,4.578245648289298,12.08765458056847,1.9479958279989802,2.8070575535879265
CAUGC_GCUGAA,15,364.2806956293389,1352.6968808646716,0.840730506670882,0.3036535173032431,0.7037869727465039,0.5259927837113397
CAUGC_GCUUAA,15,2.5604763444797634,0.47685886273187045,1.3855168186062037,0.22713427833173797,0.6103516890538196,0.03772936868416065
CAUGG_CCCUAAC,15,2.382007736696204,0.1907578796871264,1.9628781896152003,0.31524262595571617,0.6842033406237431,0.024400557539800086
CAUGG_CCUAAA,15,0.2119463138952183,0.004325573582273234,1.2774162147787758,0.03154840248585951,0.9437732161393518,0.003381280351778502
CAUGG_CCUAAC,15,0.6130922615902739,0.03429822016878569,1.0176497376745806,0.07623653189870785,0.9511580772584489,0.016014518812971713
CAUGG_CCUAAU,15,2.3860931175902467,0.44581231437088015,1.6237422039035365,0.3648885225618713,0.6908336705651067,0.050115608654198215
CAUGG_CCUACA,15,0.33525578056835975,0.011088179741157307,1.0563925157935905,0.03553310285669499,0.9312442453311123,0.0069597343403887115
CAUGG_CCUACC,15,1.4911029917600993,0.16516665241510003,1.1839698482265224,0.19584366597217695,0.8722056259740478,0.03756938465672696
CAUGG_CCUACU,15,2.3897258867849125,0.15660322078503025,1.5265178995211526,0.1264155512910482,0.7951238599832721,0.020844001536831146
CAUGG_CCUCAA,15,489.12372674227464,2736.927769856829,0.8529759739195638,0.2576600471682644,1.0773763470129711,1.4173575358000827
CAUGG_CCUCCC,15,2.8216871621405066,0.19163370660925086,1.678846500721282,0.14573695072749093,0.7816832119748441,0.022006064094180027
CAUGG_CCUGAA,15,38.10692258744306,118.24244608617407,0.906039374278855,0.19220654188912,0.9784444769400479,0.6479452768478621
CAUGG_CCUGCC,15,2.44936703983536,0.17158818928390684,1.4920026153116708,0.1218525757306004,0.8590425303192362,0.022728356900247392
CAUGG_CCUUAA,15,1.8337062471866448,0.22650399174682184,1.1676005825247548,0.13834705597379357,0.902176518452802,0.040278167493241715
CAUGG_CCUUCC,15,2.040168078249286,0.32500223450296817,1.1922405317651834,0.18101629123573187,0.9026610358690378,0.04737757446966223
CAUGU_ACUAAA,15,1.04213284034305,0.09620209815289961,1.1422360466270502,0.13712772088001962,0.9613567552691183,0.028590176389064983
CAUGU_ACUAAC,15,1.119676452503401,0.0991707639795338,1.2210097419946009,0.11357346279132267,0.8987515435011666,0.02534493212939581
GACGG_CCUAAA,15,5.349442940498124,3.4700931749420505,1.1777820706354243,0.2521671199257744,0.5670878634226545,0.09070617705892185
GACGG_CCUAAG,15,0.48405620059603516,0.02662525033133937,1.1476358109698568,0.07944265286400387,0.9537815694369143,0.01277688356666741
GACGG_CCUACG,15,1.8143097423327346,0.08627469621633554,1.4852097688792305,0.10219459772424432,0.9043173583784614,0.01726518400011752
GAUGG_CCCUAAG,15,2.995261443000329,0.3291564383524582,1.5811648050016727,0.16820385157428597,0.7694659618334879,0.03260694821892695
GAUGG_CCUAAA,15,1.2506163615897603,0.13172251417481792,1.1041717597205223,0.11521167474815562,0.8382648727920778,0.02562512490228094
GAUGG_CCUAAAG,15,2.906410497962728,0.7204431816536983,1.134474561625999,0.244002620057721,0.8640764713488235,0.07118411780168057
GAUGG_CCUACAC,15,3.9115998109714227,0.7530440744182255,1.306202149306219,0.18822024442285212,0.8143713691289982,0.057821648652282
GAUGG_CCUCCAC,15,8.228882503521799,3.6495562840436113,1.216890802505376,0.166031147383338,0.7021793932389077,0.10333864737229384
UAAGG_CCUAAAG,15,26.669344645128106,44.73261697618371,0.8498935123280854,0.25407023334162115,0.880546483000535,0.34408072593505296
UAAGG_CCUAAC,15,1.4590978336794598,0.055899056119601116,1.5028144753785984,0.07495008839043739,0.9193011468879173,0.011882446890920736
UACGA_UCUAAG,15,1.9403988802725933,0.45462396478586203,0.9633861425209598,0.16158565282915116,0.8692973362910439,0.06419410464141471
UACGA_UCUACG,15,1.9271161479847405,0.24995566575505404,1.1582808850452324,0.15220927457244615,0.8300622135853818,0.037213990621808996
UACGC_GCUAAA,15,4.643578637625924,0.9754027152119646,2.767262738101435,5.039632194938504,0.925564601964717,0.09105373771258252
UACGC_GCUAAG,15,0.5222622520916343,0.015670106885353946,1.2739314317742103,0.06015233928900919,0.8992203087280444,0.00854509381697879
UACGC_GCUACG,15,1.7867945297588108,0.21090431085461483,1.1462216488814725,0.13774569458971758,0.8922244590972197,0.034607012810732335
UACGG_CCUAAA,15,1.0896475988033163,0.11926454863665766,1.09110895077766,0.1244071917274284,0.9053002050017455,0.029364483257018573
UACGG_CCUAAC,15,1.5675825973779696,0.17048790080121742,1.1403300639013454,0.15987333374292287,0.9136413057971124,0.035738640909015115
UACGG_CCUAAG,15,0.482170963369648,0.021318703596571318,1.1010406912185666,0.04818879794481129,0.9438047025492834,0.008967587325898935
UACGG_CCUAAU,15,1.4204826399735446,0.05409999207338688,1.6446380322392304,0.112225030716806,0.8816933795071745,0.012143339008339001
UACGG_CCUACA,15,1.2390836764771123,0.60763259478782,0.9845861113273219,0.2500791707314146,0.5161281823917576,0.052927141541353015
UACGG_CCUACC,15,1.6820330388034597,0.3278594652241758,0.9950190231143504,0.1540860574933994,0.8922644268148211,0.051216435557382915
UACGG_CCUACG,15,1.626744611868592,0.2093606280534322,1.1310775458257647,0.19020703822594018,0.9507671128857007,0.04556283215332023
UACGG_CCUACU,15,1.2946039515192405,0.045346767053914376,1.7224193765709017,0.08620905591734485,0.89673405932149,0.010724768322445295
UACGG_UCUAAG,15,2.054104254952953,0.18818176566185835,1.1813317655757858,0.0961643676923305,0.8223144646023244,0.024816191311917136
UACGG_UCUACG,15,1.6206549568428517,0.061960963224141775,1.7103386734808288,0.09619985870241382,0.828432661855181,0.01229701478597335
UAGGG_CCUAAC,15,10.98827849254681,20.36336767165657,0.7633342897299735,0.17578879765379316,0.9464775372827932,0.28541884446368354
UAGGG_CCUACC,15,3.157221986315162,0.8711220095420963,1.054392474052746,0.17707680852287275,0.8804822163070024,0.0814683738434956
UAUGG_CCUAAAC,15,1.136925209956107,0.04602657648450589,1.646076150823587,0.10299087631755055,0.9183875734056319,0.011959514732493189
UAUGG_CCUAAAG,15,1.6964935740742015,0.19483498369526203,1.4402038142044227,0.2862826704068016,0.8992412211100684,0.042472939952459134
UAUGG_CCUAAC,15,0.9133689505019508,0.052691909491370745,1.192005508200608,0.11095483590727563,0.9607146718030674,0.019878628923979524
UAUGG_CCUACC,15,2.146801694878244,0.43188399181289844,1.0069900370712563,0.15803158104530887,0.8754825414983297,0.05697937997667951
UAUGG_CCUCAC,15,31.29502741398233,153.86095475162517,0.9122976719739511,0.24717519218204828,1.0746234517341906,0.5187627269139178
UAUGG_CUUAAC,15,1.1123192289701498,0.2467267552575761,0.0668560071367107,0.6248492649191804,0.36589076733051046,0.041127957410696636
UAUGG_UCUAAC,15,0.9621579714976073,0.06758532322786667,1.1997502085523726,0.12247341273998194,0.8732002405179888,0.024701181030817986
