name,mg_1_2,mg_1_2_err,n,n_err
AAAGG_CCUGCC,3.040517352030104,0.16266363457556723,1.2139573117411033,0.07163248393443801
AACGG_CCUAAA,6.954295316972522,0.7227079618879741,0.9509611527441721,0.10198755949015237
AACGG_CCUAAC,2.491878741866455,0.17563907066313528,1.0670618739547855,0.09541497518458879
AACGG_CCUACG,6.500817700047396,0.5137333368445145,0.883861846060847,0.0688691697331461
AACGG_CCUGCC,1.2329769556167303,0.11086936904332868,1.1994599464545646,0.15356416699636563
AAGGG_CCCUAAC,3.675846491176642,0.37627665466096727,1.015263504382397,0.11082931877098207
AAGGG_CCUGCC,1.1231859170008192,0.08664958047899401,0.9598730307829796,0.07570525900954403
AAUGG_CCUAAA,2.4492157346413808,0.20226592293749615,1.1095539482816097,0.1038155392674043
AAUGG_CCUAAC,2.2258165096424416,0.17502694371724536,0.8672197163380767,0.083372660510941
AAUGG_CCUAAG,6.146163458180978,0.6079823728189834,0.9351215550231191,0.08648777743242295
AAUGG_CCUACC,2.3297555647886763,0.1372932184036147,1.2124259759789096,0.07566471996243533
AAUGG_CCUACG,14.811631986570427,1.9360397470577853,0.7025713336272035,0.07040025977852288
AAUGG_CCUGAC,3.0177634099288,0.1636482348328558,1.3005049887294304,0.10038382286607561
AAUGG_CCUGUAC,8.439817857135756,0.7360912970089135,0.8556497095638989,0.06233131949121473
AAUGG_CCUUCC,1.5767614545046624,0.12642748840715393,1.0326762672559058,0.0890321559538052
AAUGG_UCUAAG,39.750282561062455,9.910830918388466,0.6367673065738682,0.07336182297480909
ACUGG_CCUGCC,15.355804468085003,2.801907277953811,0.6230202421818027,0.07211808328651548
CAAGC_GCUAAA,2.144445499333526,0.18063389127071944,0.8969203671238526,0.07385188734857498
CAAGG_CCUAAA,0.5955672508780114,0.053074725392063316,0.8365471425620612,0.06760175037190594
CAAGG_CCUAAC,0.5486715083416609,0.038476877687890695,0.9881241481377743,0.07461711216756849
CAAGG_CCUACC,1.379535748752738,0.1053582640917981,0.9518235135176991,0.07549453475354868
CACGC_GCUAAA,0.38733658649183267,0.030855634247078552,0.8563744692963035,0.053380019605139974
CACGG_CCCUAAC,6.690005931643789,0.5709764643438227,0.8477882049800204,0.08563525329229198
CACGG_CCUAAA,0.39258768681230827,0.02042238383496815,0.9554138068326976,0.053219852011375496
CACGG_CCUAAC,0.7786131361597272,0.05811684725995753,1.077367279298926,0.08062421956761541
CACGG_CCUAAG,13.235812201346434,1.661236418861705,0.7689297275293688,0.06490122917530265
CACGG_CCUAAU,1.7261089331945518,0.07646643861025659,1.1157460208343342,0.061594588115421824
CACGG_CCUACA,0.8795984202522651,0.0728519065172605,1.0082558503627832,0.0826960699673116
CACGG_CCUACC,1.247283377024997,0.1268288661974387,1.0897498615140977,0.12960656016709785
CACGG_CCUACG,6.058163322838307,0.5820951249103489,0.9668390429016338,0.09130118579168908
CACGG_CCUAGA,8.950539085762665,0.9268493528976081,0.8078068572031107,0.07766388090503229
CACGG_CCUAGC,12.312821323012702,1.724787627140901,0.6629794889204925,0.06901861654922822
CACGG_CCUAUC,2.9339221504403756,0.16705339569642863,1.1769253868592784,0.0769740314988505
CACGG_CCUCAC,432.4276926640096,884.2753716531785,0.49619055406796897,0.1281111462192033
CACGG_CCUCCC,13.211735641834096,1.6418278921576321,0.7503044643459228,0.06646611439886771
CACGG_CCUUAA,9.711684098047716,0.9873377388221236,0.7445831873756222,0.051017644867452694
CACGG_CCUUAC,11.676882916402008,1.0649838558712916,0.895167888124002,0.06868978076276641
CACGG_CCUUCC,5.464429324660918,0.596074104871451,0.8789881046298943,0.10697061925839814
CAGGC_GCUAAA,4.216497852438129,0.4069274814587445,0.679990470583724,0.06667916027470529
CAGGG_CCUAAA,0.24599619868963085,0.0202265390716397,0.8046685468124415,0.060489363979008684
CAGGG_CCUAAC,3.0500433872242256,0.44642171317902846,1.2069647215489792,0.2506295300756262
CAGGG_CCUACA,1.0616938306218053,0.06114835312207289,0.8604131446937621,0.05297070418265435
CAGGG_CCUACC,2.7185856959481765,0.3811569823314583,1.0765258758361127,0.2644946068879625
CAUGA_UCUAAA,5.190962195468805,1.7085025861172125,0.4917817202393867,0.10965246329348959
CAUGC_GCUAAA,1.3447311777951294,0.13756768619927318,1.0984838863424395,0.15928354840863962
CAUGC_GCUACA,3.9125454945738367,0.901833883679204,0.915950888717728,0.3299826599132434
CAUGC_GCUCAA,10243.066309272117,75748.50973267737,0.25156433772811504,0.5074869126551934
CAUGC_GCUGAA,294.1276308897808,485.7685817324926,0.5702536256473126,0.17846247295763074
CAUGC_GCUUAA,10.348516004958077,1.283808377471217,0.6767613710186798,0.05976881115179008
CAUGG_CCCUAAC,5.909852049948819,0.7043207885095819,0.8654399408537828,0.08809710331675569
CAUGG_CCUAAA,0.23292771644835372,0.016671835228014333,1.0086041324473323,0.07450358806346687
CAUGG_CCUAAC,0.6931285514799593,0.06189848681753097,0.9461136895490095,0.07232580754750077
CAUGG_CCUAAU,6.158596316210091,0.8271995560246305,0.7725162654479756,0.0866623344908349
CAUGG_CCUACA,0.3908513770909615,0.030927576488772653,0.8723706441745998,0.07394883646691446
CAUGG_CCUACC,1.8538289976599864,0.25390244961947656,0.9300535997522917,0.14146126568122355
CAUGG_CCUACU,4.145651274876275,0.250260546611149,0.9635403687743369,0.07000252174121503
CAUGG_CCUCAA,23.558166025912293,3.777105298717297,0.6773012516346452,0.072894359360229
CAUGG_CCUCCC,4.82599442159726,0.3666057718950582,1.026521122561374,0.08121183323128504
CAUGG_CCUGAA,22.465936365323813,2.461720878202048,0.8214924289533191,0.07879226193169955
CAUGG_CCUGCC,3.422200562802756,0.1997072114941269,1.1098016371541501,0.08434878133812752
CAUGG_CCUUAA,2.3247988169792806,0.17608895349370565,0.9458878245607159,0.0755733608089004
CAUGG_CCUUCC,2.583827766658522,0.2474132162590375,0.9877564582020351,0.0985893005625161
CAUGU_ACUAAA,1.0914209418661909,0.0958058301878469,1.0996647072068313,0.09734705778764004
CAUGU_ACUAAC,1.4644685875442869,0.09100525670711823,0.9303112145494051,0.06533291401890683
GACGG_CCUAAA,25.22525552453881,4.011801359705797,0.6774632455061002,0.06619706204781367
GACGG_CCUAAG,0.5380755189331299,0.03172200750678308,1.0362823987288956,0.07602235963300115
GACGG_CCUACG,2.2131059842333585,0.09934396461932135,1.2110116331022944,0.06705058720261266
GAUGG_CCCUAAG,5.474076993719707,0.47460436735458317,0.9831280167459984,0.0827976976828764
GAUGG_CCUAAA,2.0072572208865895,0.18889257530010167,0.7672440138506046,0.07322907925723478
GAUGG_CCUAAAG,4.099809038163091,0.46212969724248976,0.8606266649915375,0.0910689401873235
GAUGG_CCUACAC,6.435510293221037,0.487692155233212,0.9455974112696026,0.08061043275756515
GAUGG_CCUCCAC,18.93550322047868,1.6857529004890783,0.8642080886642041,0.06651089449906801
UAAGG_CCUAAAG,25.239227403696972,3.9042254572638386,0.6865676602958852,0.06765805074593255
UAAGG_CCUAAC,1.7590614337378963,0.0727315892222718,1.2112186739875055,0.06322457795006753
UACGA_UCUAAG,2.8549181486760618,0.29959145925689507,0.7632559837179614,0.08627130170267638
UACGA_UCUACG,3.098612067848651,0.2572660686201373,0.8161718541330802,0.09299990604767026
UACGC_GCUAAA,4.786073113646423,0.5069904546034979,1.477208190190715,0.29758251090103643
UACGC_GCUAAG,0.6553389247040089,0.04791891272404615,0.8736017347396681,0.06531423151897289
UACGC_GCUACG,2.3292972667345886,0.17331036155344542,0.9133038036430687,0.07729564964516145
UACGG_CCUAAA,1.4031461843504482,0.09850629320189279,0.8753524338180816,0.060716594276149866
UACGG_CCUAAC,1.7935134772225578,0.19909726017902474,1.0569624380904628,0.16760377658968473
UACGG_CCUAAG,0.5462180846340834,0.04176562730308489,0.9724786565139438,0.08752275057874027
UACGG_CCUAAU,1.8827636989326981,0.1197792257837531,1.1679385884933,0.08954756041834762
UACGG_CCUACA,20.244502984600068,6.115191724863261,0.38325182938516555,0.06162672017089575
UACGG_CCUACC,2.256599241168938,0.18883784900481254,0.796852971500856,0.06802365899891459
UACGG_CCUACG,1.733844685774297,0.20030037802577977,1.1207582713467712,0.15230067051827126
UACGG_CCUACU,1.6275450594372072,0.08397332548615773,1.2680858187319,0.09161956051817853
UACGG_UCUAAG,3.406164159186218,0.26437852851474575,0.8351418204745668,0.060112669508507084
UACGG_UCUACG,2.4880730953346184,0.17149129883531525,1.056549827868491,0.08205108048961887
UAGGG_CCUAAC,9.594344931461778,1.3138935450438638,0.6755436933124745,0.08062544416854896
UAGGG_CCUACC,4.195272652904523,0.44079618469691906,0.85224303353639,0.08488064823538827
UAUGG_CCUAAAC,1.364293640946614,0.06731931879861601,1.2581436445276044,0.0739247459069601
UAUGG_CCUAAAG,1.917502212737861,0.249342855471933,1.1702238404460659,0.2204820813451765
UAUGG_CCUAAC,0.9759644734891353,0.0744565280922416,1.1484169631735957,0.11094203010525791
UAUGG_CCUACC,3.020878751005851,0.2906647696231364,0.8052123924903088,0.06774163738290169
UAUGG_CCUCAC,6.6400546465952415,0.7395878392653638,0.8310439028961052,0.10050010877596148
UAUGG_CUUAAC,961436.0231357309,9566150.22868903,0.0013777154676300966,0.013707673734335513
UAUGG_UCUAAC,1.3444319300823562,0.11904083204578275,0.8502130692103352,0.06778330030581023
